region,city,neighborhood,sold,price,toList,aboveList,dom,forSale,drop,soldYoY,priceYoY,toListYoY,aboveListYoY,domYoY,forSaleYoY,dropYoY
city,Algona,,22,199507,-0.025,0.364,38,15,0.256,-0.313,0.19,-0.065,-0.48,-29,-0.063,0.154
city,Arlington,,399,259648,0,0.201,34,243,0.248,-0.059,-0.009,0.001,-0.078,4,0.061,0.019
city,Auburn,,"1,037",284654,0,0.347,29,513,0.22,-0.113,0.084,0,-0.093,-5,-0.054,0.063
city,Beaux Arts,,4,969000,0.009,0,24,3,,,,,,,0.5,
city,Bellevue,,905,738904,0.012,0.569,6,374,0.144,-0.265,0.131,0.007,0.053,1,-0.156,0.021
city,Black Diamond,,47,274415,0.001,0.106,45,27,0.086,-0.365,-0.093,0.002,-0.191,-15,-0.129,-0.147
city,Bothell,,"1,110",468981,0,0.376,11,504,0.171,-0.177,0.166,0,-0.164,-1,0.266,0.022
city,Brier,,48,498696,0,0.271,43,25,0.169,-0.538,0.457,0,-0.2,-29,-0.167,0
city,Burien,,306,314098,-0.005,0.268,36,128,0.245,-0.133,0.125,-0.005,-0.089,-20,-0.086,0.021
city,Carnation,,70,438105,0.001,0.329,16,53,0.215,-0.32,0.108,0.01,0.125,25,-0.036,0.012
city,Clyde Hill,,43,1686512,-0.007,0.349,9,18,0.132,-0.14,0.113,0.011,0.069,1,-0.357,-0.027
city,Covington,,226,247888,0,0.252,21,89,0.248,-0.418,-0.04,0,-0.232,1,-0.31,0.111
city,Darrington,,16,141125,-0.019,0.125,74,17,0.097,-0.448,-0.052,-0.001,0.125,-12,-0.346,-0.094
city,Des Moines,,268,264388,-0.002,0.254,21,134,0.208,-0.11,0.124,-0.002,-0.145,-7,0.039,0.047
city,Duvall,,151,394034,-0.001,0.338,7,56,0.222,-0.068,-0.031,-0.001,-0.063,6,-0.243,0.087
city,Edmonds,,421,406711,-0.002,0.316,12,254,0.192,-0.3,0.089,-0.001,-0.017,-1,0.124,-0.006
city,Enumclaw,,169,257130,-0.014,0.107,35,124,0.242,-0.159,-0.005,0.002,0.012,5,0.078,0.029
city,Everett,,"1,100",279827,-0.001,0.325,20,515,0.231,-0.292,0.074,-0.001,-0.094,-6,-0.06,0.07
city,Fall City,,36,446167,-0.021,0.083,35,30,0.163,-0.429,-0.153,-0.017,-0.012,-18,-0.318,-0.058
city,Federal Way,,678,261914,0,0.294,30,311,0.253,-0.172,0.079,0,-0.085,-11,-0.016,0.051
city,Gold Bar,,55,186684,-0.005,0.236,33,36,0.201,0,0.27,0.007,-0.018,13,-0.027,-0.054
city,Granite Falls,,93,193958,-0.001,0.29,24,72,0.235,-0.25,0.04,-0.001,-0.089,-5,-0.111,0.062
city,Issaquah,,541,626497,0.003,0.527,8,206,0.13,-0.337,0.163,0.001,-0.011,1,-0.142,-0.028
city,Kenmore,,197,458813,0.001,0.508,11,77,0.176,-0.075,0.064,0,-0.009,0,0.185,0.061
city,Kent,,788,271119,-0.001,0.332,24,402,0.223,-0.318,0.015,-0.001,-0.061,-6,-0.115,0.029
city,Kirkland,,753,561315,0,0.434,8,327,0.166,-0.298,0.094,-0.001,-0.057,-1,-0.128,0.023
city,Lake Forest Park,,110,491105,-0.001,0.427,9,54,0.218,-0.442,0.055,-0.001,-0.07,4,-0.229,-0.017
city,Lake Stevens,,572,280716,0,0.322,21,266,0.241,-0.252,0.012,0,-0.172,4,0.047,0.061
city,Lynnwood,,715,366864,0,0.337,23,330,0.211,-0.105,0.102,0,-0.187,-6,0.142,0.116
city,Maple Valley,,428,340413,0,0.276,13,207,0.211,-0.257,0.092,0,-0.177,3,0.073,0.069
city,Marysville,,799,254350,0,0.32,23,318,0.176,-0.122,0.134,0,-0.102,-5,0.064,0.009
city,Medina,,27,2461519,-0.021,0.333,62,28,0.114,-0.565,0.437,-0.014,0.14,-31,-0.034,-0.025
city,Mercer Island,,317,1262566,-0.013,0.278,11,152,0.177,-0.019,0.353,-0.008,-0.103,-2,-0.073,-0.01
city,Mill Creek,,200,410048,-0.003,0.28,15,97,0.213,-0.057,-0.019,-0.002,-0.017,-8,0.347,0.034
city,Monroe,,258,304130,0,0.225,34,153,0.238,-0.104,0.234,0,-0.102,-18,0.133,0.066
city,Mountlake Terrace,,153,303001,-0.001,0.373,15,52,0.211,0.366,0.248,-0.014,-0.19,-2,0,0.128
city,Mukilteo,,172,485464,-0.004,0.186,16,102,0.182,-0.331,0.099,-0.004,-0.121,-1,0.109,0.013
city,Newcastle,,117,579137,0.003,0.513,10,53,0.175,-0.394,0.017,0.002,0.088,2,-0.145,0.048
city,Normandy Park,,64,486838,-0.017,0.25,13,42,0.328,-0.099,0.197,-0.025,-0.088,3,0.024,0.186
city,North Bend,,217,438811,0,0.447,16,120,0.232,-0.217,0.095,0,0.003,10,-0.104,0.049
city,Pacific,,29,201862,-0.01,0.138,45,18,0.264,-0.663,-0.065,-0.01,-0.525,-28,-0.308,0.069
city,Preston,,10,557630,-0.007,0,8,4,0.167,0.667,0.549,-0.007,0,2,-0.2,-0.033
city,Ravensdale,,23,424437,-0.018,0.174,90,16,0.245,-0.425,0.139,0.005,0.174,-18,-0.273,-0.064
city,Redmond,,814,627020,0,0.451,9,356,0.158,-0.234,0.072,0,-0.088,-1,-0.075,0.024
city,Renton,,"1,135",353527,0,0.37,16,541,0.204,-0.244,0.092,0,-0.057,-5,0.059,0.054
city,Sammamish,,720,720372,0.001,0.49,7,289,0.167,-0.192,0.071,0.001,0.025,0,-0.056,0.061
city,Seatac,,168,230910,0,0.238,32,70,0.301,-0.134,0.116,-0.001,-0.107,14,-0.146,0.114
city,Seattle,,"4,982",487281,0,0.486,8,"1,850",0.17,-0.226,0.081,0,0.036,0,-0.144,-0.003
city,Shoreline,,544,357081,0.001,0.439,9,191,0.207,0.075,0.076,0.001,-0.003,1,-0.059,0.018
city,Skykomish,,4,28000,-0.222,0,67,12,0.208,,,,,,0.5,-0.042
city,Snohomish,,571,394187,0,0.25,19,347,0.232,-0.268,0.135,0,-0.062,-4,0.058,0.034
city,Snoqualmie,,251,483723,-0.004,0.287,16,136,0.169,-0.196,0.02,-0.004,-0.136,0,0.172,0.031
city,Stanwood,,220,299141,-0.002,0.232,48,175,0.262,-0.357,0,-0.002,-0.087,-14,0.036,0.064
city,Sultan,,65,181263,-0.007,0.169,37,37,0.249,0.3,0.282,0.019,-0.111,45,0.057,0.155
city,Tukwila,,118,221644,-0.001,0.305,19,52,0.21,-0.099,0.074,-0.001,-0.054,17,-0.235,-0.015
city,Tulalip,,45,224997,-0.005,0.267,25,60,0.221,0.023,-0.158,-0.003,-0.074,-2,0.304,-0.001
city,Vashon,,130,404304,-0.017,0.185,27,86,0.187,0.04,-0.054,-0.01,-0.031,-6,-0.189,-0.04
city,Woodinville,,400,570196,0,0.365,11,179,0.195,-0.127,0.07,0.001,0.068,0,-0.068,0.001
city,Woodway,,9,1107656,-0.083,0,56,10,0.16,-0.679,0.437,-0.068,-0.25,-24,-0.091,0.129
city,Yarrow Point,,9,2010978,0.018,0.444,3,9,,-0.625,0.227,0.058,0.236,15,-0.182,
neighborhood,Arlington,Edgecomb,69,276588,-0.004,0.101,32,31,0.353,-0.415,-0.081,-0.002,-0.077,-1,-0.031,0.141
neighborhood,Auburn,Berkshire Glen,36,310288,-0.005,0.361,39,16,0.367,-0.604,0.071,-0.005,-0.122,-8,-0.36,0.334
neighborhood,Auburn,Christopher,19,207947,0,0.211,39,14,0.198,-0.537,0.174,-0.023,-0.253,7,0.4,-0.124
neighborhood,Auburn,Downtown,43,156442,-0.003,0.349,24,18,0.385,0.132,-0.133,0.005,0.138,3,-0.182,0.205
neighborhood,Auburn,Green Valley,28,286964,-0.012,0.25,62,15,0.355,-0.176,0.148,0.006,0.074,-12,-0.063,0.233
neighborhood,Auburn,Jovita,264,276964,0,0.292,71,155,0.261,-0.165,0.006,0,-0.218,-51,-0.077,0.13
neighborhood,Auburn,Lake Dolloff,53,251981,0.004,0.283,28,26,0.212,0.359,0.009,0.002,0.078,-8,0.04,0.07
neighborhood,Auburn,Lakeland,350,300496,0,0.434,29,140,0.199,0.064,0.127,0,-0.013,-4,-0.014,0.021
neighborhood,Auburn,Riverwalk,11,262627,0.003,0,96,4,0.286,0.1,0.198,0.004,-0.4,-62,-0.2,0.107
neighborhood,Auburn,Southeast of East Main Street,32,155341,-0.003,0.313,25,9,0.389,2.2,-0.232,0,0.113,34,0,0.043
neighborhood,Auburn,Stuck,7,224950,-0.013,0,18,5,0.129,-0.462,0.175,-0.018,-0.308,38,1.5,0.062
neighborhood,Beaux Arts,Beaux Arts,4,969000,0.009,0,24,4,0.143,,,,,,1,
neighborhood,Bellevue,Apple Valley,7,1600000,-0.036,0,10,3,0.25,,,,,,-0.25,
neighborhood,Bellevue,Bridle Trails,25,967000,0.01,0.44,18,28,0.249,-0.74,0.061,0.008,0.034,-13,0.077,0.122
neighborhood,Bellevue,Cherry Crest,2,,,,,1,,-0.913,,,,,,
neighborhood,Bellevue,City Center,0,,,,,0,,,,,,,,
neighborhood,Bellevue,City Center North,0,,,,,0,,,,,,,,
neighborhood,Bellevue,City Center South,0,,,,,0,,,,,,,,
neighborhood,Bellevue,Cougar Mountain,151,906304,0.006,0.576,9,61,0.082,-0.179,0.169,0.004,0.109,1,-0.265,-0.073
neighborhood,Bellevue,Crossroads,25,769360,-0.006,0.24,15,5,0,0.136,0.334,-0.042,-0.351,-7,-0.167,0
neighborhood,Bellevue,Downtown,0,,,,,1,0,,,,,,,0
neighborhood,Bellevue,East Lake Hills,9,523000,0.101,1,4,5,,0,0.22,0.088,0.556,9,0.667,
neighborhood,Bellevue,East Main,0,,,,,0,,,,,,,,
neighborhood,Bellevue,Enatai,47,1151574,-0.013,0.191,7,31,0.205,-0.266,0.177,-0.005,-0.199,12,0.069,0.018
neighborhood,Bellevue,Factoria,16,644000,0.092,1,4,6,0.179,-0.059,0.214,0.068,0.235,6,0,0.091
neighborhood,Bellevue,Forest Ridge II,2,,,,,2,,-0.333,,,,,,
neighborhood,Bellevue,Glendale,5,1567600,-0.028,0,17,1,0,,,,,,,
neighborhood,Bellevue,Hidden Valley,27,1325185,0.004,0.481,12,9,0.089,-0.182,0.523,0.01,0.148,3,0,0.089
neighborhood,Bellevue,Highlands II,3,900000,0.019,1,4,1,0,0,-0.017,-0.059,0,-1,,
neighborhood,Bellevue,Horizon Crest,8,693138,0.025,0.625,6,3,,-0.529,0.358,0.025,0.096,7,-0.25,
neighborhood,Bellevue,Horizon Heights,4,696875,0.037,0.75,4,2,,-0.667,0.133,0.084,0.417,13,,
neighborhood,Bellevue,Interlake,40,532550,0.032,0.625,7,10,0.254,-0.459,0.058,0.024,0.098,1,-0.545,0.239
neighborhood,Bellevue,Killarney Circle,11,1230136,-0.006,0.364,4,6,0.2,-0.313,0.257,0.028,0.114,76,0,0.144
neighborhood,Bellevue,Lake Heights,2,,,,,4,,,,,,,3,
neighborhood,Bellevue,Lake Hills,74,453251,0.027,0.635,6,26,0.118,-0.267,0.022,0.011,0.031,1,-0.366,-0.022
neighborhood,Bellevue,Lakemont,42,896996,-0.003,0.357,13,21,0.133,-0.087,-0.274,0.015,0.053,30,0,-0.099
neighborhood,Bellevue,Lakemont Woods,8,1572000,0.001,0.25,72,6,,1,0.153,0.01,0.25,-44,-0.25,
neighborhood,Bellevue,Meydenbauer,15,1747333,0.036,0.467,48,8,0.111,0.667,0.797,0.056,-0.089,205,0,0.09
neighborhood,Bellevue,Mockingbird Hill,5,551000,0.092,1,5,2,0.143,,,,,,,
neighborhood,Bellevue,Newport,71,557793,0.018,0.577,7,33,0.137,-0.202,0.027,-0.016,-0.074,0,-0.057,0.005
neighborhood,Bellevue,Newport Hills,52,552153,0.023,0.654,8,21,0.134,-0.161,0.124,-0.028,-0.088,-2,0.235,0.015
neighborhood,Bellevue,Newport Shores,12,1110667,0.01,0.333,5,7,0.073,-0.455,0.071,0.023,-0.03,24,-0.5,-0.046
neighborhood,Bellevue,Newport Yacht Club,5,1225000,0.049,0.8,7,3,,-0.615,0.17,0.056,0.492,17,-0.625,
neighborhood,Bellevue,North Bellevue,17,1007882,-0.007,0.176,24,13,0.263,-0.605,0.286,-0.011,-0.289,-12,0.444,0.224
neighborhood,Bellevue,Northeast Bellevue,101,522693,0.015,0.604,5,29,0.185,-0.388,-0.001,0,0.034,2,-0.396,0.147
neighborhood,Bellevue,Northtowne,38,1190000,0.048,0.658,11,21,0.19,-0.433,0.471,0.046,0.225,1,0.235,0.132
neighborhood,Bellevue,Northwest Bellevue,76,1440289,0.007,0.421,13,44,0.18,-0.315,0.62,0.012,0.106,-1,0.189,0.05
neighborhood,Bellevue,Northwest Village,0,,,,,1,,,,,,,,
neighborhood,Bellevue,Old Bellevue,0,,,,,0,,,,,,,,
neighborhood,Bellevue,Overlake,32,732341,-0.001,0.219,8,6,0,0.28,0.245,-0.038,-0.421,0,-0.25,0
neighborhood,Bellevue,Pikes Peak,4,920000,0.022,1,19,2,0.364,,,,,,,0.114
neighborhood,Bellevue,Rock Creek,6,750000,-0.007,0.333,11,2,,1,0.02,-0.03,-0.667,-5,,
neighborhood,Bellevue,Sammamish,96,521241,0.048,0.677,7,31,0.096,0.055,0.1,0.039,0.183,0,-0.367,-0.086
neighborhood,Bellevue,Sherwood Forest,2,,,,,1,,-0.714,,,,,,
neighborhood,Bellevue,Somerset,48,912958,0.065,0.792,11,21,0.096,-0.59,0.234,0.029,0.065,-6,-0.3,0.04
neighborhood,Bellevue,Southwest Bellevue,21,1145829,-0.032,0.048,31,12,0.208,-0.323,0.028,-0.045,-0.372,-10,0,-0.063
neighborhood,Bellevue,Spiritridge,17,564771,0.066,0.765,18,4,0.095,1.429,0.437,0.109,0.622,156,0.333,-0.063
neighborhood,Bellevue,Summit,3,1170992,-0.04,0.333,22,1,,-0.7,-0.149,0.012,0.133,11,,
neighborhood,Bellevue,Sunset Community Org,27,712493,-0.002,0.37,13,5,0.143,1.077,0.437,-0.025,-0.014,-2,0.667,
neighborhood,Bellevue,Tam O'Shanter,17,681753,0.009,0.471,14,5,,-0.292,0.076,0.017,0.096,7,-0.375,
neighborhood,Bellevue,Vasa,25,535337,0.036,0.52,56,9,0.096,-0.219,-0.103,0.036,0.083,-45,-0.438,-0.149
neighborhood,Bellevue,Vuecrest,3,1500000,0.001,1,7,3,0.333,-0.5,0.246,0.022,1,116,-0.25,-0.078
neighborhood,Bellevue,Vuemont South,1,,,,,3,,-0.833,,,,,0.5,
neighborhood,Bellevue,West Bellevue,78,1049333,0.004,0.372,6,41,0.161,-0.124,0.089,0.012,-0.044,14,0.079,0.001
neighborhood,Bellevue,West Lake Hills,87,573609,0.001,0.448,7,27,0.142,-0.054,0.162,-0.002,-0.041,0,-0.069,0.033
neighborhood,Bellevue,Westwood Highlands,4,775000,0.072,1,23,4,0.25,-0.636,0.112,0.043,0.364,-15,0.333,
neighborhood,Bellevue,Whispering Heights,2,,,,,2,0.4,-0.905,,,,,,
neighborhood,Bellevue,Wilburton,30,747333,0.007,0.467,7,8,0.17,-0.189,0.182,-0.035,-0.155,7,-0.273,-0.006
neighborhood,Bellevue,Woodridge,23,703065,0.071,0.826,6,10,0.098,-0.574,0.054,0.055,0.326,-1,-0.474,0.001
neighborhood,Bothell,Canyon Creek,129,591400,0,0.287,23,71,0.111,-0.044,0.311,-0.001,-0.343,-9,0.868,-0.02
neighborhood,Bothell,Canyon Park,9,344333,-0.023,0.444,21,6,0.273,-0.25,0.13,-0.016,0.111,1,-0.143,0.031
neighborhood,Bothell,Downtown,7,519286,0.007,0.714,18,8,0.277,-0.563,0.044,0,0.027,7,-0.111,0.187
neighborhood,Bothell,Fitzgerald,50,548616,0,0.34,18,29,0.217,-0.074,0.049,-0.012,-0.197,-9,1.231,-0.049
neighborhood,Bothell,Lake Pleasant,29,497323,-0.004,0.172,13,10,0.052,0.933,0.333,-0.008,-0.228,-8,0.667,-0.083
neighborhood,Bothell,Mays Pond,140,371243,0,0.414,5,89,0.208,-0.3,0.013,-0.001,-0.071,7,0.894,0.028
neighborhood,Bothell,Maywood,46,474489,0.011,0.435,7,16,0.179,-0.115,0.099,0.005,-0.181,-2,-0.2,0.047
neighborhood,Bothell,Norway Hill,56,501226,0.006,0.571,9,25,0.128,-0.378,0.204,0.004,-0.017,1,-0.167,0.033
neighborhood,Bothell,Queensborough,68,382500,-0.002,0.324,15,26,0.223,-0.218,0.138,-0.008,-0.171,-7,-0.235,-0.015
neighborhood,Bothell,Queensgate,44,432273,0.002,0.477,11,15,0.225,-0.5,-0.022,-0.007,-0.159,0,-0.286,0.08
neighborhood,Bothell,Shelton View,32,333625,0.003,0.438,43,11,0.09,-0.556,0.003,-0.006,-0.188,-37,-0.353,0.001
neighborhood,Bothell,Thrasher's Corner,17,452262,-0.001,0.176,6,6,0.079,-0.32,0.01,-0.016,-0.704,-1,0,-0.073
neighborhood,Bothell,Westhill,60,476400,0.024,0.733,8,22,0.13,0.2,-0.039,0.02,0.273,14,0.048,-0.064
neighborhood,Brier,Brier,108,405937,0,0.343,9,58,0.157,-0.498,0.155,-0.002,-0.16,1,0.094,-0.001
neighborhood,Burien,Chelsea Park,28,228446,0.002,0.321,25,12,0.282,0.167,-0.079,-0.016,-0.179,-16,0.091,0.118
neighborhood,Burien,Downtown,11,240859,-0.015,0.273,35,6,0.486,-0.083,-0.084,-0.016,-0.227,-7,0,0.153
neighborhood,Burien,Evansville,116,232179,-0.001,0.345,20,50,0.27,-0.165,0.058,-0.001,-0.116,-4,-0.057,0.081
neighborhood,Burien,Five Corners,14,321714,-0.02,0,103,6,0.419,-0.125,-0.058,-0.018,-0.313,-74,-0.4,0.367
neighborhood,Burien,Gregory Heights,115,366734,-0.009,0.139,36,50,0.3,-0.087,0.027,-0.004,-0.178,-18,-0.091,0.079
neighborhood,Burien,Lake Burien,26,240904,-0.025,0.077,51,9,0.113,-0.366,-0.151,-0.01,-0.265,-43,-0.4,-0.137
neighborhood,Burien,Old Burien,46,250838,-0.011,0.196,29,15,0.114,-0.061,0.016,0.005,-0.192,-17,-0.211,-0.205
neighborhood,Burien,Salmon Creek,26,496269,-0.031,0.154,31,11,0.149,-0.644,0.211,-0.026,-0.175,-14,-0.313,-0.113
neighborhood,Burien,Seola Beach,25,486120,-0.021,0.28,44,7,0.171,-0.286,0.23,-0.013,-0.063,-10,-0.417,0.009
neighborhood,Burien,Sunnydale,10,237500,-0.017,0,100,7,0.35,0.25,-0.03,-0.005,-0.125,-60,0,0.164
neighborhood,Burien,Three Tree Point,39,510504,-0.042,0.154,59,26,0.303,-0.093,0.057,-0.032,-0.148,-30,0.13,0.039
neighborhood,Des Moines,Central Des Moines,151,237443,0,0.252,23,72,0.206,-0.09,-0.055,-0.002,-0.158,-12,-0.1,0.032
neighborhood,Des Moines,Downtown,40,304158,-0.006,0.275,10,24,0.111,-0.245,0.059,-0.001,-0.065,0,-0.04,-0.058
neighborhood,Des Moines,North Hill,101,320018,0,0.406,51,39,0.231,0.135,0.429,-0.002,0.001,-39,0.182,0.073
neighborhood,Des Moines,Pacific Ridge,38,255576,-0.001,0.026,52,11,0.219,0.52,0.104,-0.025,-0.414,-6,-0.389,0.008
neighborhood,Des Moines,South Des Moines,108,243280,-0.005,0.204,24,49,0.253,-0.182,0.134,-0.005,-0.13,4,-0.155,0.098
neighborhood,Des Moines,Woodmont,117,273257,-0.002,0.188,32,54,0.232,-0.086,0.196,-0.001,-0.257,-3,-0.036,0.072
neighborhood,Des Moines,Woodmont Beach,115,267147,-0.008,0.209,25,58,0.242,-0.115,0.199,-0.008,-0.176,3,0.208,0.086
neighborhood,Des Moines,Woodmont West,55,331406,-0.007,0.236,65,30,0.229,-0.052,0.223,0.004,-0.126,-33,0,0.054
neighborhood,Des Moines,Zenith,41,246073,-0.009,0.293,21,23,0.129,-0.241,0.108,-0.01,-0.004,16,-0.148,0.017
neighborhood,Edmonds,Aurora Marketplace,15,370000,0.004,0.8,8,16,0.168,-0.595,0.065,0.007,0.314,9,0,-0.141
neighborhood,Edmonds,Chase Lake,82,372957,0.005,0.5,8,37,0.214,-0.281,-0.004,0.005,0.07,11,-0.119,-0.015
neighborhood,Edmonds,Downtown,77,455558,-0.004,0.403,14,40,0.207,-0.398,-0.122,0,0.121,0,-0.184,0.025
neighborhood,Edmonds,Edmonds Bowl,21,626904,-0.028,0.143,29,13,0.19,-0.25,0.229,-0.01,-0.214,2,-0.35,-0.079
neighborhood,Edmonds,Firdale,51,381843,0.009,0.686,9,28,0.24,-0.549,0.036,0.008,0.208,4,-0.243,0.026
neighborhood,Edmonds,Madrona,7,369714,0.014,0.714,6,9,0.273,-0.667,0.059,0.018,0.333,17,0,-0.067
neighborhood,Edmonds,Maplewood,48,396177,-0.026,0.188,13,22,0.186,-0.495,0.11,-0.025,-0.297,-2,-0.154,-0.053
neighborhood,Edmonds,Meadowdale,148,376521,0.002,0.378,20,100,0.156,0.113,0.119,0.002,-0.095,-11,0.613,-0.022
neighborhood,Edmonds,Olympic View,40,567875,-0.026,0.075,31,25,0.162,-0.412,0.196,-0.013,-0.087,-16,-0.219,-0.034
neighborhood,Edmonds,Perrinville,44,577613,-0.027,0.068,29,27,0.171,-0.405,0.23,-0.019,-0.148,-17,-0.25,-0.025
neighborhood,Edmonds,Port of Edmonds,24,679067,-0.014,0.083,41,12,0.233,-0.351,-0.073,0.024,-0.106,-11,0.5,0.113
neighborhood,Edmonds,Seaview Park,38,339408,-0.007,0.316,41,14,0.212,-0.333,0.006,-0.004,0.088,-30,-0.391,-0.018
neighborhood,Edmonds,South County Park,19,426553,-0.025,0,78,12,0.155,-0.24,-0.328,-0.021,-0.36,-54,-0.25,-0.144
neighborhood,Edmonds,Talbot Park,40,467938,-0.022,0.075,50,24,0.162,-0.365,0.077,-0.021,-0.211,-31,-0.143,-0.129
neighborhood,Edmonds,Westgate,41,430561,0.018,0.585,9,15,0.227,-0.369,0.098,0.016,0.139,2,-0.167,0.057
neighborhood,Edmonds,Yost Park,55,441597,0.023,0.709,7,19,0.239,-0.267,0.171,0.023,0.216,4,-0.174,0.018
neighborhood,Everett,Bayside,32,202719,-0.004,0.344,27,15,0.36,-0.2,-0.004,-0.004,0.044,4,-0.063,0.191
neighborhood,Everett,Boulevard Bluffs,35,492666,-0.006,0.229,35,19,0.342,0.129,0.052,0.011,0.132,-8,0.056,0.072
neighborhood,Everett,Cascade View,30,206510,-0.005,0.233,49,27,0.112,-0.286,-0.16,-0.014,-0.267,-26,0.227,-0.165
neighborhood,Everett,Delta,42,182207,-0.016,0.262,54,17,0.206,-0.16,0.202,-0.025,-0.298,-39,-0.056,0.089
neighborhood,Everett,Downtown,2,,,,,2,0,,,,,,,
neighborhood,Everett,Everett Mall South,37,245262,-0.007,0.324,26,19,0.212,-0.479,-0.017,-0.014,-0.338,-21,-0.321,0.087
neighborhood,Everett,Evergreen,25,232312,-0.023,0.16,36,10,0.254,-0.242,0.076,-0.025,-0.264,-19,-0.333,0.232
neighborhood,Everett,Glacier View,8,205481,-0.003,0.375,29,13,0.151,-0.862,-0.109,-0.005,0.03,-14,-0.071,-0.195
neighborhood,Everett,Harborview-Seahurst-Glenhaven,39,408923,-0.021,0.103,27,22,0.306,-0.371,0.086,-0.02,-0.123,-3,-0.083,0.172
neighborhood,Everett,Holly,32,273644,0.011,0.563,17,16,0.28,-0.347,0.146,0.014,0.093,-1,0,0.147
neighborhood,Everett,Lowell,13,183812,0.028,0.231,59,6,0.355,-0.409,0.096,0.012,-0.451,-20,0,0.155
neighborhood,Everett,Northwest,39,246308,-0.008,0.462,11,20,0.322,-0.473,0.062,-0.008,0.218,3,-0.13,-0.04
neighborhood,Everett,Northwest Everett,59,211966,-0.016,0.373,22,25,0.318,-0.337,-0.066,-0.016,0.07,-10,-0.038,-0.003
neighborhood,Everett,Pinehurst,72,206665,-0.007,0.222,48,25,0.242,-0.143,-0.063,-0.01,-0.218,-38,0,0.149
neighborhood,Everett,Port Gardner,27,205013,0.005,0.37,24,31,0.262,-0.578,-0.009,0.006,0.027,10,-0.061,-0.021
neighborhood,Everett,Riverside,73,187915,0.011,0.466,21,23,0.331,0,0.148,0.009,0.027,-6,0.095,0.268
neighborhood,Everett,Silver Lake,240,372634,-0.001,0.375,10,118,0.213,-0.406,0.183,-0.001,-0.038,4,-0.132,0.116
neighborhood,Everett,South Forest Park,39,246245,0.005,0.256,39,12,0.203,0.114,-0.063,0.024,0.085,-12,0.2,0.076
neighborhood,Everett,Valley View,8,292750,-0.011,0.5,33,3,0.063,0,0.51,-0.098,-0.25,-8,-0.25,-0.326
neighborhood,Everett,View Ridge-Madison,54,246281,-0.004,0.5,18,20,0.12,-0.27,0.014,-0.003,0.311,-4,-0.31,-0.086
neighborhood,Everett,Westmont,13,265915,-0.004,0,51,12,0.16,2.25,0.381,-0.074,0,14,5,-0.197
neighborhood,Federal Way,Adelaide,22,272864,0,0.136,14,16,0.255,-0.522,-0.417,0.004,-0.103,61,-0.111,0.037
neighborhood,Federal Way,Alderbrook,31,255065,0.001,0.387,51,14,0.14,-0.426,-0.082,0,0.017,-37,-0.417,-0.012
neighborhood,Federal Way,Buenna,20,267895,0.001,0.25,142,7,0.256,-0.512,-0.211,0.013,0.152,-115,-0.5,0.039
neighborhood,Federal Way,Campus Highlands,3,320000,0,0,105,4,0.385,-0.25,0.067,0.042,0,-44,3,
neighborhood,Federal Way,Enchanted Village,35,255886,-0.002,0.457,9,15,0.17,-0.125,0.094,0.005,0.182,36,0.5,0.059
neighborhood,Federal Way,Lakota,5,183400,0,0,38,1,0,0,0.188,0.011,-0.8,-16,,
neighborhood,Federal Way,Laurelwood,31,216905,0,0.258,23,10,0.175,0.476,0.132,-0.043,-0.456,52,-0.167,-0.118
neighborhood,Federal Way,Madrona,19,233058,-0.05,0.421,17,10,0.2,-0.406,0.044,-0.089,-0.016,-2,0,-0.056
neighborhood,Federal Way,Marine Hills,31,437803,-0.01,0.419,56,35,0.271,-0.225,0.429,0.024,0.294,-21,0.667,0.025
neighborhood,Federal Way,Mirror Lake,72,213458,0.001,0.319,43,26,0.34,-0.053,0.207,-0.003,-0.062,-29,-0.161,0.122
neighborhood,Federal Way,Redondo,59,281150,-0.011,0.153,63,32,0.168,-0.192,0.182,-0.001,-0.272,-15,0.032,0.019
neighborhood,Federal Way,Redondo,115,353135,-0.006,0.226,41,90,0.248,-0.354,0.09,0.002,-0.004,-2,0.125,0.056
neighborhood,Federal Way,Steel Lake,20,233884,0.001,0.4,6,12,0.169,-0.459,0.128,-0.003,0.157,16,-0.143,-0.191
neighborhood,Federal Way,Twin Lakes,158,256990,-0.007,0.215,57,72,0.251,-0.16,0.168,-0.007,-0.21,-47,0.043,0.032
neighborhood,Federal Way,West Campus,55,326196,-0.007,0.164,29,24,0.207,0.571,0.264,0.011,-0.036,11,0.5,0.007
neighborhood,Issaquah,Gilman,0,,,,,2,0,-1,,,,,,-0.056
neighborhood,Issaquah,Issaquah Highlands,93,762778,0.02,0.731,6,35,0.17,-0.601,0.278,0.018,0.117,5,-0.286,-0.062
neighborhood,Issaquah,Montreux,14,899500,0,0.429,10,12,0.23,0.75,0.058,0,0.429,-4,1.4,0.146
neighborhood,Issaquah,Newport,17,734571,-0.002,0.353,21,4,0,0.133,0.206,-0.002,0.086,22,-0.6,-0.083
neighborhood,Issaquah,North Issaquah,9,851722,0.04,0.444,17,6,0.167,-0.526,0.158,0.046,0.181,19,-0.143,-0.066
neighborhood,Issaquah,Olde Town,10,360000,0.007,0.4,8,5,0.233,0,0.084,0,0.1,5,-0.167,0.148
neighborhood,Issaquah,Providence Point,0,,,,,0,,-1,,,,,,
neighborhood,Issaquah,Squak Mountain,50,487300,0.01,0.54,8,15,0.216,-0.107,0.064,0.009,-0.031,0,0.071,0.134
neighborhood,Issaquah,Sycamores,3,396450,0.017,0,76,3,0.333,-0.4,-0.433,0.007,-0.8,-8,0.5,0.333
neighborhood,Issaquah,Talus,48,743198,0.006,0.583,6,13,0.025,0.231,0.196,0.002,0.122,9,0,-0.012
neighborhood,Kenmore,Inglewood,203,437200,0.001,0.483,8,76,0.166,0.086,0.024,0,-0.009,3,0.226,-0.009
neighborhood,Kenmore,Kenmore,210,435652,0.001,0.481,8,87,0.173,-0.091,-0.009,0.001,0.031,5,0.145,0
neighborhood,Kirkland,Bridle Trails,26,855433,0.002,0.385,19,13,0.088,-0.188,0.521,-0.015,-0.147,-11,0.083,-0.057
neighborhood,Kirkland,Central Houghton,35,997845,-0.005,0.343,13,16,0.091,-0.255,0.217,0.001,-0.04,41,-0.273,0.029
neighborhood,Kirkland,Downtown,16,1251250,-0.068,0.25,14,17,0.235,-0.667,0.597,-0.051,-0.167,7,-0.15,0.017
neighborhood,Kirkland,Everest,11,724545,0.014,1,23,4,0.222,-0.267,-0.017,0.01,0.467,-18,-0.2,0.107
neighborhood,Kirkland,Feriton,38,981726,-0.005,0.342,7,16,0.141,-0.345,0.047,-0.001,-0.003,32,-0.467,0.021
neighborhood,Kirkland,Finn Hill,177,438266,0.007,0.525,7,59,0.177,-0.173,0.036,-0.003,-0.063,0,0.017,-0.001
neighborhood,Kirkland,Firloch,5,497800,0.086,1,14,3,0.118,,,,,,-0.571,-0.053
neighborhood,Kirkland,Highlands,22,705182,-0.011,0.227,28,16,0.167,-0.633,0.329,-0.009,-0.239,-4,0,-0.086
neighborhood,Kirkland,Juanita,72,492782,0,0.444,13,30,0.137,-0.455,0.046,-0.016,-0.146,-7,-0.231,-0.03
neighborhood,Kirkland,Lake Park,6,464517,-0.015,0,46,7,0.314,-0.818,-0.168,-0.003,-0.333,-25,-0.222,0.277
neighborhood,Kirkland,Lakeview,10,945000,-0.002,0.6,22,12,0.307,-0.6,-0.33,0.027,0.56,-5,0.2,0.22
neighborhood,Kirkland,Manitou,9,960756,-0.014,0,9,4,,,,,,,-0.2,
neighborhood,Kirkland,Market,16,1251250,-0.068,0.25,14,19,0.237,-0.692,0.563,-0.051,-0.154,10,-0.136,0.04
neighborhood,Kirkland,Moss Bay,19,1054947,0,0.263,3,6,0.108,-0.24,0.322,0.014,-0.017,58,-0.647,-0.007
neighborhood,Kirkland,Norkirk,84,1007905,-0.013,0.274,14,30,0.225,-0.067,0.33,-0.006,-0.048,-6,-0.032,0.154
neighborhood,Kirkland,North Juanita,39,448694,0.012,0.667,7,9,0.164,0.147,0.22,-0.046,-0.157,-3,-0.182,-0.018
neighborhood,Kirkland,North Rose Hill,73,560896,0.016,0.63,8,32,0.116,-0.014,0.071,0.017,0.157,-1,-0.086,-0.105
neighborhood,Kirkland,Oskams Corner,25,449236,0.012,0.6,21,12,0.232,-0.375,0.266,-0.002,-0.075,-15,-0.294,0.163
neighborhood,Kirkland,South Juanita,37,609054,-0.007,0.27,23,22,0.084,-0.622,0.223,-0.004,-0.26,-16,-0.214,-0.076
neighborhood,Kirkland,South Rose Hill,47,506319,0.003,0.553,8,12,0.151,-0.096,-0.148,0.004,0.207,5,-0.455,0.074
neighborhood,Kirkland,Sweetbriar,19,477803,0.009,0.632,6,13,0.143,-0.558,0.161,-0.017,0.004,8,0.3,0.091
neighborhood,Kirkland,Totem Lake,2,,,,,1,1,-0.714,,,,,,1
neighborhood,Lynnwood,Alderwood Manor,129,334563,0,0.341,19,64,0.246,-0.213,0.003,0,-0.135,-4,0.103,0.137
neighborhood,Lynnwood,Beverly Acres,11,298636,0.012,0.818,16,10,0.19,-0.522,-0.047,-0.005,0.253,-7,0.25,0.07
neighborhood,Lynnwood,Cedar Valley,12,374500,0.009,0.667,10,4,0.222,0.5,0.447,0.049,-0.083,16,1,0.022
neighborhood,Lynnwood,Dale Way Neighborhood Park,17,298232,-0.013,0,7,5,0.346,0.545,0.146,-0.017,-0.545,1,0,
neighborhood,Lynnwood,Floral Hills,51,356039,0,0.353,8,21,0.189,-0.463,-0.012,0,-0.005,27,-0.192,0.132
neighborhood,Lynnwood,Lake Serene,43,372672,0,0.419,30,23,0.124,0.049,0.196,-0.003,-0.094,-11,0.643,-0.031
neighborhood,Lynnwood,Logan Park,14,463937,0.014,0.5,18,7,0.182,-0.364,0.429,0,-0.182,4,-0.3,0.116
neighborhood,Lynnwood,Lynndale Park,44,334352,-0.01,0.273,6,11,0.212,0.257,0.268,-0.035,-0.442,-1,-0.267,0.107
neighborhood,Lynnwood,Martha Lake,132,375048,-0.002,0.174,31,62,0.243,-0.148,0.126,-0.006,-0.4,-17,-0.088,0.127
neighborhood,Lynnwood,Seattle Heights,9,257222,-0.018,0.333,42,9,0.232,-0.438,-0.003,-0.005,0.333,-19,-0.182,0.078
neighborhood,Medina,Hunts Point,19,2220526,-0.055,0.053,91,18,0.181,-0.136,-0.073,-0.045,-0.22,-80,-0.182,0.028
neighborhood,Mercer Island,Beaumont,34,2164485,-0.045,0.088,49,7,0.19,4.667,1.572,-0.034,0.088,-1,-0.417,-0.185
neighborhood,Mercer Island,East Seattle,29,1362062,-0.009,0.241,31,14,0.119,0.318,-0.125,0.01,-0.168,53,-0.125,0.013
neighborhood,Mercer Island,First Hill,4,798250,-0.003,0.5,10,2,,-0.667,-0.091,-0.006,0.083,-4,,
neighborhood,Mercer Island,Fortuna,19,1660211,0.02,0.474,50,12,0.143,0.9,0.759,0.039,0.174,3,0.5,0.012
neighborhood,Mercer Island,McGilvara,10,1480500,-0.019,0.3,17,4,,,,,,,-0.333,
neighborhood,Mercer Island,Mercer Heights,7,910429,0,0.429,39,2,,,,,,,,
neighborhood,Mercer Island,Mercerwood,19,1629474,-0.021,0.263,32,6,0.205,-0.296,0.472,-0.019,-0.218,-13,-0.25,0.056
neighborhood,Mercer Island,Mid-Island,2,,,,,3,0.333,-0.6,,,,,0,0.111
neighborhood,Mercer Island,Pioneer Park,35,1001222,0.039,0.6,5,16,0.103,0.094,0.092,0.046,0.256,4,1,-0.097
neighborhood,Mercer Island,South End,99,1192216,-0.004,0.323,8,47,0.214,0.076,0.126,0.01,0.019,1,0.022,-0.004
neighborhood,Mercer Island,The Lakes,9,2070333,-0.01,0.444,10,2,0.545,0.125,0.608,-0.09,-0.306,-5,,0.212
neighborhood,Mountlake Terrace,East Terrace,47,334997,0.002,0.362,27,10,0.333,1.136,0.145,-0.024,-0.093,-15,-0.286,0.195
neighborhood,Mountlake Terrace,Gateway,33,296895,0.001,0.424,12,9,0.189,0.138,0.392,-0.045,-0.3,27,-0.357,0.028
neighborhood,Mountlake Terrace,Lake Ballinger,15,481567,-0.007,0.133,39,4,0.037,-0.211,0.812,-0.005,-0.288,-23,-0.429,-0.281
neighborhood,Mountlake Terrace,Lake Ballinger,36,327306,-0.011,0.25,31,17,0.12,-0.357,0.11,-0.003,0.054,-15,-0.056,-0.087
neighborhood,Mountlake Terrace,Town Center,32,275313,0.007,0.469,26,12,0.187,-0.086,0.319,0.001,-0.017,-8,-0.143,0.141
neighborhood,Newcastle,May Creek,108,549894,0.005,0.519,11,47,0.135,-0.321,0.214,0.002,0.022,-1,-0.19,-0.003
neighborhood,Normandy Park,Highline,114,473526,-0.009,0.316,46,42,0.222,0.373,0.33,-0.007,0.015,-26,0.024,0.116
neighborhood,Normandy Park,Woodside Park,80,503958,0,0.388,62,26,0.209,1.051,0.924,0.003,0.131,-37,0.083,0.132
neighborhood,Redmond,Downtown,3,420000,-0.023,0,24,1,0,,,,,,,0
neighborhood,Redmond,Education Hill,138,569181,0.024,0.775,7,49,0.058,-0.343,0.009,0.015,0.104,0,-0.234,-0.039
neighborhood,Redmond,English Hill,34,619290,-0.002,0.235,20,10,0.085,-0.15,0.157,-0.009,-0.24,-14,-0.412,-0.048
neighborhood,Redmond,Grass Lawn,70,578293,0.068,0.786,7,31,0.09,-0.213,0.199,0.064,0.37,3,0.409,-0.009
neighborhood,Redmond,Idylwood,58,638500,0.014,0.621,7,20,0.111,-0.37,0.102,-0.002,-0.031,-1,-0.048,-0.03
neighborhood,Redmond,North Redmond,63,772455,-0.001,0.429,11,52,0.114,-0.526,0.124,-0.005,-0.278,5,-0.103,0.071
neighborhood,Redmond,Overlake,89,650494,0.022,0.663,7,32,0.105,-0.299,0.133,0.006,0.064,-1,-0.059,-0.017
neighborhood,Redmond,River Trail,0,,,,,0,,,,,,,,
neighborhood,Redmond,Rose Hill / Willows,34,568079,0.002,0.294,15,15,0.163,1.267,-0.053,-0.016,-0.573,-10,2,-0.095
neighborhood,Redmond,Sammamish Valley,10,995922,-0.021,0.1,61,6,0.038,-0.545,0.16,-0.008,-0.4,144,-0.455,0.038
neighborhood,Redmond,Southeast Redmond,7,744186,0.038,1,4,4,0.259,-0.563,0.127,-0.014,0.375,0,0,
neighborhood,Redmond,Town Center,0,,,,,0,,,,,,,,
neighborhood,Redmond,Valley View,0,,,,,0,,,,,,,,
neighborhood,Redmond,Willow-Rose Hill,39,656010,0.003,0.205,16,16,0.153,1.053,0.227,-0.011,-0.479,-1,2.2,-0.105
neighborhood,Renton,Boulevard Lane,20,304635,0.006,0.3,24,11,0.379,-0.512,-0.084,0.012,-0.09,7,0.222,0.247
neighborhood,Renton,Briarwood,16,309813,-0.035,0.188,61,8,0.422,-0.484,0.012,-0.035,-0.167,-34,-0.333,0.228
neighborhood,Renton,Briarwood,110,411372,0,0.345,16,68,0.246,-0.396,0.084,0,-0.067,-6,0.308,0.071
neighborhood,Renton,Candlewood Ridge,101,350573,0,0.257,19,38,0.182,-0.327,0.12,0,-0.056,-1,-0.269,0.045
neighborhood,Renton,Carriage Wood,14,334664,-0.009,0,17,10,0.271,-0.611,-0.027,-0.036,-0.639,-3,0.111,-0.025
neighborhood,Renton,Cascade,56,219429,0.01,0.482,16,22,0.03,-0.222,0.087,-0.028,-0.143,-6,-0.154,-0.105
neighborhood,Renton,Cascade Vista,67,262572,0.003,0.507,8,32,0.062,-0.082,0.231,-0.02,0.001,-1,0.103,-0.094
neighborhood,Renton,Downtown,7,190378,-0.022,0.571,71,4,0.385,-0.708,-0.192,0.002,0.321,-42,-0.2,0.191
neighborhood,Renton,Emerald Crest,2,,,,,4,0.143,-0.667,,,,,3,0.143
neighborhood,Renton,Fairwood Firs,4,379950,0,0,2,2,0,-0.692,0.009,-0.022,-0.462,5,,-0.273
neighborhood,Renton,Highlands Park,30,229567,0.003,0.5,34,19,0.188,-0.118,0.162,-0.01,0,12,0.188,0.034
neighborhood,Renton,Kennydale,129,455466,0,0.519,8,50,0.155,0.194,0.217,0.001,0.149,7,0.19,-0.014
neighborhood,Renton,Liberty Ridge,21,332210,-0.009,0.19,14,12,,-0.125,0.128,-0.041,-0.726,-6,1.4,
neighborhood,Renton,Maple Valley Heights,12,224917,-0.048,0.167,67,11,0.189,0.091,-0.266,-0.062,-0.288,-62,0.375,0.067
neighborhood,Renton,Maplewood Heights,124,436452,-0.002,0.282,48,59,0.213,-0.266,0.129,-0.004,-0.238,-39,0.255,0.11
neighborhood,Renton,Northwest Spring Glen,84,287411,-0.003,0.262,15,38,0.209,-0.208,-0.044,-0.003,-0.097,1,0.086,0.081
neighborhood,Renton,Renton Park,25,197174,0.018,0.56,28,7,0.073,-0.519,-0.176,-0.013,0.022,-14,-0.417,-0.036
neighborhood,Renton,Southeast Spring Glen,127,312191,0.003,0.409,21,66,0.227,-0.31,0.076,0.004,-0.004,-8,0.294,0.074
neighborhood,Renton,Southwest Spring Glen,135,287115,0.001,0.459,18,63,0.187,-0.318,-0.039,0,0.075,-7,-0.016,0.001
neighborhood,Renton,Springbrook,44,275605,0,0.455,17,15,0.182,-0.457,-0.211,-0.002,0.01,3,-0.483,-0.023
neighborhood,Renton,Talbot Hill,52,325673,-0.005,0.269,16,29,0.225,-0.224,0.003,-0.006,-0.074,3,0.381,0.17
neighborhood,Sammamish,Aldarra Estates,7,1058571,-0.019,0,12,4,0.158,1.333,0.06,-0.019,0,-5,-0.333,0.04
neighborhood,Sammamish,Sahalee,25,694800,0.004,0.44,11,12,0.246,-0.074,0.211,0.007,0.033,4,0.091,0.153
neighborhood,Seatac,Seattle-Tacoma International Airport,214,273575,-0.001,0.318,42,86,0.255,0.014,0.282,-0.001,-0.009,-15,-0.044,0.069
neighborhood,Seattle,Adams,44,573724,0.038,0.591,6,13,0.103,-0.482,0.129,0.028,0.191,1,-0.278,0.009
neighborhood,Seattle,Admiral,167,607493,0.014,0.461,8,67,0.165,-0.062,0.189,0.011,0.045,-1,0.288,-0.081
neighborhood,Seattle,Alki,52,657842,0.027,0.519,6,23,0.212,0.02,0.023,0.045,0.225,26,-0.148,0.07
neighborhood,Seattle,Allentown,71,238028,-0.007,0.324,12,30,0.121,-0.437,0.073,-0.011,-0.176,12,-0.412,-0.163
neighborhood,Seattle,Arbor Heights,75,394497,0.001,0.347,9,26,0.216,-0.25,0.214,0.003,0.017,9,-0.133,0.011
neighborhood,Seattle,Atlantic,21,414214,0.002,0.476,4,13,0.205,-0.488,-0.011,0.002,0.232,2,-0.278,-0.01
neighborhood,Seattle,Ballard,328,561123,0.03,0.637,7,91,0.112,-0.18,0.132,0.025,0.125,0,-0.157,0.003
neighborhood,Seattle,Beacon Hill,265,347280,0,0.377,9,96,0.154,-0.131,0.131,0,0.072,3,0.143,0.031
neighborhood,Seattle,Belltown,0,,,,,0,,,,,,,,
neighborhood,Seattle,Bitter Lake,61,425138,0.012,0.459,12,16,0.093,0.052,0.164,0.005,-0.144,-6,-0.2,-0.155
neighborhood,Seattle,Briarcliff,92,845411,-0.007,0.37,14,48,0.101,-0.193,0.052,-0.005,-0.06,-6,-0.059,-0.001
neighborhood,Seattle,Broadmoor,13,1495038,0.001,0.462,28,9,0.064,-0.705,-0.129,0.033,0.257,5,-0.25,-0.031
neighborhood,Seattle,Broadview,85,485047,0.004,0.518,10,34,0.186,-0.133,-0.071,0.005,0.14,-3,0.097,0.062
neighborhood,Seattle,Broadway,30,1118767,-0.043,0.267,37,17,0.126,-0.063,0.416,-0.037,-0.046,-12,-0.19,0.021
neighborhood,Seattle,Bryant,51,626412,0.056,0.922,6,14,0.036,-0.089,0.054,0.058,0.493,1,0,-0.063
neighborhood,Seattle,Bryn Mawr,36,355639,0.003,0.389,13,18,0.209,-0.308,0.192,-0.027,-0.053,8,0.059,0.023
neighborhood,Seattle,Capitol Hill,139,930101,0.017,0.532,7,51,0.141,0.139,-0.019,0.027,0.213,5,-0.164,-0.016
neighborhood,Seattle,Cascade,23,786300,-0.003,0.304,14,6,0,6.667,-0.393,0.038,0.304,26,2,-0.071
neighborhood,Seattle,Cedar Park,43,430343,0.001,0.512,25,23,0.196,-0.476,0.375,0.001,0.268,-20,0.15,-0.026
neighborhood,Seattle,Central Business District,0,,,,,0,,,,,,,,
neighborhood,Seattle,Central District,97,536031,0.009,0.629,7,39,0.169,-0.254,0.096,0.008,0.198,2,0.3,0.081
neighborhood,Seattle,Cherry Hill,56,637603,0.009,0.625,7,23,0.107,-0.125,0.207,0.006,0.203,1,0.643,-0.008
neighborhood,Seattle,Columbia City,66,373330,0.001,0.379,9,34,0.256,-0.421,0.062,-0.006,-0.165,0,-0.292,0.04
neighborhood,Seattle,Crown Hill,37,462784,0.046,0.73,7,16,0.168,-0.393,0.2,0.015,0.09,2,-0.238,0.152
neighborhood,Seattle,Delridge,344,304703,0,0.381,14,131,0.211,0.003,0.143,0,-0.019,-4,-0.037,-0.059
neighborhood,Seattle,Denny Blaine,21,1346190,-0.029,0.19,126,16,0.122,-0.523,0.049,-0.016,-0.128,-113,-0.429,-0.045
neighborhood,Seattle,Denny Regrade,0,,,,,0,,,,,,,,
neighborhood,Seattle,Denny Triangle,0,,,,,0,,,,,,,,
neighborhood,Seattle,Downtown,0,,,,,0,,,,,,,,
neighborhood,Seattle,Dunlap,46,312130,-0.004,0.174,17,19,0.283,0.484,0.374,0.012,0.013,0,-0.208,-0.055
neighborhood,Seattle,Eastlake,23,786300,-0.003,0.304,14,4,0,6.667,-0.393,0.038,0.304,26,3,-0.2
neighborhood,Seattle,East Queen Anne,53,1080434,-0.002,0.547,13,22,0.147,-0.369,0.502,0.001,0.035,-5,-0.154,-0.031
neighborhood,Seattle,Fairmount Park,33,435704,0.042,0.788,10,12,0.239,-0.25,-0.077,0.044,0.424,2,-0.4,0.018
neighborhood,Seattle,Fauntleroy,123,506504,-0.002,0.358,9,33,0.131,0.034,-0.011,-0.001,0.08,8,-0.175,-0.074
neighborhood,Seattle,First Hill,0,,,,,0,,,,,,,,
neighborhood,Seattle,Fremont,70,571539,0.002,0.514,9,18,0.064,-0.213,0.093,-0.005,-0.048,-3,-0.182,-0.091
neighborhood,Seattle,Gatewood,82,454451,-0.004,0.207,13,33,0.178,-0.137,0.07,-0.012,-0.308,-6,0.179,-0.051
neighborhood,Seattle,Genesee,60,483237,0.045,0.633,6,20,0.205,-0.178,0.194,0.039,0.14,1,-0.259,-0.042
neighborhood,Seattle,Georgetown,9,258333,-0.069,0.444,40,4,0.368,0.8,0.013,-0.008,0.444,-24,0,0.273
neighborhood,Seattle,Greater Duwamish,314,331642,0,0.366,10,116,0.18,-0.065,0.129,0,0.042,3,0.196,0.069
neighborhood,Seattle,Green Lake,60,652917,0.003,0.367,8,19,0.112,-0.412,0.074,-0.021,-0.241,-2,-0.5,-0.109
neighborhood,Seattle,Greenwood,106,454691,0.023,0.613,6,42,0.243,-0.456,0.136,0.02,0.131,2,-0.288,0.063
neighborhood,Seattle,Haller Lake,100,378101,0.003,0.38,10,34,0.164,0.389,0.171,0.004,-0.092,-3,0.172,0.039
neighborhood,Seattle,Hawthorne Hills,18,640889,0.026,0.833,6,3,0.389,-0.333,0.103,-0.043,0.167,0,-0.5,0.231
neighborhood,Seattle,Highland Park,85,244311,-0.008,0.271,16,32,0.228,-0.045,-0.026,-0.008,-0.19,-9,0.067,-0.049
neighborhood,Seattle,High Point,70,336792,-0.001,0.286,10,30,0.264,0.045,0.097,-0.01,-0.222,5,0,-0.102
neighborhood,Seattle,Hillman City,35,322684,-0.014,0.286,17,16,0.216,-0.386,0.013,-0.027,-0.311,-1,0,0.035
neighborhood,Seattle,Holly Park,7,320643,0.063,0.857,10,4,0.042,-0.667,0.107,0.039,0.571,1,-0.2,-0.069
neighborhood,Seattle,Industrial District,4,125000,-0.167,0,38,1,0,0,-0.155,-0.092,0,18,,-0.143
neighborhood,Seattle,Interbay,2,,,,,2,0.333,-0.333,,,,,,0.256
neighborhood,Seattle,International District,0,,,,,0,,,,,,,,
neighborhood,Seattle,Judkins Park,34,408525,0.03,0.441,3,20,0.2,-0.521,-0.045,0.03,0.216,11,-0.231,-0.016
neighborhood,Seattle,Junction,16,559656,0.055,0.688,9,8,0.128,-0.5,0.159,0.047,0.156,-2,-0.333,-0.095
neighborhood,Seattle,Lake City,239,409955,0.025,0.577,7,85,0.175,-0.299,0.119,0.025,0.117,0,-0.133,0.011
neighborhood,Seattle,Lakeridge,48,391354,0.001,0.229,15,24,0.049,-0.385,0.314,0.003,-0.361,-3,0.143,-0.069
neighborhood,Seattle,Lake Union,23,786300,-0.003,0.304,14,6,0,6.667,-0.393,0.038,0.304,26,0.5,-0.154
neighborhood,Seattle,Laurelhurst,69,1109203,-0.001,0.42,8,21,0.105,-0.198,0.103,0,0.002,0,-0.16,-0.027
neighborhood,Seattle,Laurelhurst / Sandpoint,55,1230327,0.015,0.455,6,16,0.104,-0.368,0.233,0.017,0.041,1,-0.36,-0.017
neighborhood,Seattle,Lawton Park,71,542669,0.045,0.676,7,23,0.117,-0.184,-0.041,0.017,0.136,-1,-0.179,-0.045
neighborhood,Seattle,Leschi,59,820627,-0.006,0.339,27,24,0.116,-0.263,0.15,-0.004,-0.049,-18,-0.368,-0.076
neighborhood,Seattle,Licton Springs,47,375224,0.001,0.489,24,12,0.135,-0.217,0.012,-0.003,0.123,-17,-0.455,-0.098
neighborhood,Seattle,Lower Queen Anne,10,1663300,-0.015,0.5,10,6,0.139,,,,,,0.2,-0.206
neighborhood,Seattle,Loyal Heights,91,529227,0.014,0.505,8,24,0.148,-0.173,0.171,-0.013,-0.158,0,-0.226,0.083
neighborhood,Seattle,Madison Park,59,1380339,-0.013,0.305,17,33,0.111,-0.576,0.077,0.017,0.19,9,-0.34,-0.046
neighborhood,Seattle,Madison Valley,25,595538,0.039,0.8,5,6,0,0.042,0.035,0.035,0.467,0,0,-0.026
neighborhood,Seattle,Madrona,44,804830,0.001,0.386,11,19,0.17,-0.405,0.144,-0.025,-0.195,-3,-0.05,-0.022
neighborhood,Seattle,Madrona Valley,37,535338,0.033,0.676,8,23,0.158,-0.593,0.13,0.033,0.313,3,0.15,0.093
neighborhood,Seattle,Magnolia,242,717622,0,0.459,9,95,0.119,-0.244,0.06,-0.006,-0.057,-2,-0.12,-0.027
neighborhood,Seattle,Mann,34,550529,0.028,0.647,7,17,0.216,-0.493,0.177,0.033,0.289,6,0.133,0.171
neighborhood,Seattle,Maple Leaf,117,485476,0.008,0.436,6,26,0.188,-0.017,0.125,-0.011,-0.018,1,-0.35,0.019
neighborhood,Seattle,Matthews Beach,55,551943,0.077,0.782,8,21,0.213,-0.36,0.182,0.072,0.375,1,-0.3,0.004
neighborhood,Seattle,Meadowbrook,46,397407,0.03,0.5,8,10,0.131,-0.021,-0.054,0.017,-0.223,-1,-0.167,0.033
neighborhood,Seattle,Mid-Beacon Hill,102,333711,-0.001,0.382,12,42,0.155,-0.315,0.158,0,0.074,-3,0.077,0.02
neighborhood,Seattle,Minor,56,637603,0.009,0.625,7,22,0.111,-0.125,0.207,0.006,0.203,1,0.571,-0.008
neighborhood,Seattle,Montlake,41,770141,0.034,0.683,6,15,0.143,-0.549,0.053,0.035,0.276,0,-0.464,-0.104
neighborhood,Seattle,Mount Baker,73,644836,0.003,0.479,10,36,0.102,-0.318,0.058,0.007,0.05,1,-0.217,-0.079
neighborhood,Seattle,North Beach,18,652056,0.006,0.611,21,11,0.147,-0.609,0.028,0.006,0.111,-8,-0.083,-0.067
neighborhood,Seattle,North Beacon Hill,107,422575,0,0.299,8,28,0.139,0.305,0.176,0.002,-0.116,7,0.273,0.042
neighborhood,Seattle,North Capitol Hill,28,1024286,-0.002,0.286,12,10,0.208,-0.067,-0.023,0.009,-0.148,1,0,-0.054
neighborhood,Seattle,North College Park,41,373357,0.001,0.488,27,10,0.123,-0.18,0.001,-0.007,0.048,-16,-0.5,-0.142
neighborhood,Seattle,North Delridge,29,292155,0.024,0.586,20,12,0.093,-0.275,0.023,0.021,0.211,-13,-0.4,-0.09
neighborhood,Seattle,Northeast Seattle,523,582085,0.025,0.598,7,142,0.126,-0.175,0.001,0.014,0.081,0,-0.245,0.012
neighborhood,Seattle,Northgate,241,418873,0,0.411,8,73,0.144,-0.032,0.115,-0.001,-0.023,0,-0.18,-0.023
neighborhood,Seattle,North Queen Anne,60,692367,0.016,0.6,9,24,0.176,-0.406,0.105,0.016,0.263,1,-0.2,0.039
neighborhood,Seattle,North Seattle,340,430688,0.008,0.526,7,118,0.164,-0.278,0.135,0.007,0.083,0,-0.163,0.007
neighborhood,Seattle,Northwest Seattle,538,457447,0.002,0.504,7,175,0.173,-0.243,0.028,0.001,-0.008,0,-0.262,-0.007
neighborhood,Seattle,Olympic Hills,53,375729,0.002,0.509,8,21,0.22,-0.361,0.134,-0.001,0.003,0,-0.192,0.071
neighborhood,Seattle,Olympic Manor,25,630671,0.013,0.68,11,9,0.278,-0.457,0.119,0.004,0.071,-2,-0.25,0.21
neighborhood,Seattle,Phinney Ridge,91,595736,0.042,0.593,8,22,0.143,-0.35,0.031,0.029,0.008,-2,-0.463,-0.02
neighborhood,Seattle,Pike Place,0,,,,,0,,,,,,,,
neighborhood,Seattle,Pinehurst,27,360630,0.01,0.556,12,14,0.082,-0.206,0.028,0.011,0.438,15,0.4,-0.058
neighborhood,Seattle,Pioneer Square,0,,,,,0,,,,,,,,
neighborhood,Seattle,Portage Bay,7,1181429,-0.007,0,22,8,0.359,-0.125,0.286,0.022,0,-16,0.333,0.006
neighborhood,Seattle,Queen Anne,176,837634,0.003,0.545,7,70,0.156,-0.282,0.192,0.004,0.154,1,-0.213,-0.007
neighborhood,Seattle,Rainier Beach,54,267037,-0.001,0.259,31,33,0.182,-0.505,-0.05,-0.013,-0.273,-20,-0.083,-0.037
neighborhood,Seattle,Rainier Valley,448,383647,0,0.395,11,212,0.185,-0.262,0.111,0,-0.045,2,-0.145,-0.029
neighborhood,Seattle,Rainier View,49,259429,-0.004,0.286,19,27,0.123,-0.183,0.087,-0.02,-0.414,-5,0.08,-0.116
neighborhood,Seattle,Ravenna,98,567454,0.072,0.673,7,30,0.118,-0.372,0.079,0.045,0,0,-0.143,0.031
neighborhood,Seattle,Riverview,33,321819,-0.018,0.182,32,19,0.252,-0.083,-0.119,-0.016,-0.152,-10,0.118,-0.003
neighborhood,Seattle,Roosevelt,65,525992,0.019,0.508,5,17,0.168,0.182,0.084,0.012,0.199,5,0.063,0.005
neighborhood,Seattle,Sand Point,10,1090400,0.097,0.9,17,3,0,-0.286,0.204,0.092,0.543,-11,-0.667,-0.019
neighborhood,Seattle,Seaview,48,535715,0.077,0.75,5,16,0.134,-0.36,0.143,0.078,0.443,4,-0.273,-0.14
neighborhood,Seattle,Seward Park,98,507684,-0.001,0.449,12,41,0.187,-0.333,0.041,-0.001,0.082,3,-0.128,0.049
neighborhood,Seattle,Shorewood,158,291099,-0.003,0.329,62,66,0.241,0.039,0.163,-0.006,-0.105,-31,0.015,0.117
neighborhood,Seattle,Skyway,28,260536,0,0.179,40,19,0.277,-0.5,-0.068,-0.01,-0.411,-28,0.056,0.068
neighborhood,Seattle,SoDo,0,,,,,0,,,,,,,,
neighborhood,Seattle,South Beacon Hill,49,293264,0.015,0.469,17,23,0.188,-0.02,0.171,0.024,0.329,14,0.533,0.036
neighborhood,Seattle,South Delridge,80,278906,0.001,0.463,21,18,0.171,0.311,0.192,0.002,0.135,-7,-0.1,-0.024
neighborhood,Seattle,Southeast Magnolia,79,660329,-0.001,0.367,11,23,0.144,-0.319,0.043,-0.01,-0.228,-2,-0.148,-0.078
neighborhood,Seattle,South Lake Union,0,,,,,0,,,,,,,,
neighborhood,Seattle,South Park,40,227161,-0.016,0.275,14,15,0.315,0.538,0.302,-0.022,-0.34,13,0.667,
neighborhood,Seattle,Stevens,91,873945,0.053,0.637,7,27,0.15,0.468,-0.091,0.068,0.379,6,-0.1,-0.019
neighborhood,Seattle,Sunset Hill,93,643821,0.042,0.699,8,23,0.1,0.274,0.005,0.034,0.219,-1,-0.042,-0.027
neighborhood,Seattle,University District,39,719474,0.012,0.513,7,12,0.1,-0.466,0.179,0.003,0.02,0,-0.538,-0.021
neighborhood,Seattle,University Way North East,4,613125,-0.033,0,23,1,0.2,,,,,,,
neighborhood,Seattle,Upper Rainer Beach,62,282016,0.002,0.613,14,20,0.263,0.512,0.281,0.016,0.467,82,-0.2,-0.006
neighborhood,Seattle,Victory Heights,49,365099,0.015,0.551,8,14,0.138,-0.14,0.022,0.017,0.025,3,-0.067,0.017
neighborhood,Seattle,View Ridge,21,983637,0.043,0.81,4,7,0,-0.364,0.261,0.029,0.325,5,-0.533,-0.078
neighborhood,Seattle,Wallingford,107,684285,0.054,0.692,7,37,0.129,-0.454,0.135,0.017,-0.002,0,-0.288,-0.026
neighborhood,Seattle,Washington Park,21,1415952,-0.012,0.429,17,15,0.065,-0.571,0.174,0.02,0.286,11,-0.483,-0.074
neighborhood,Seattle,Wedgwood,110,529636,0.035,0.618,8,25,0.173,0.134,0.062,-0.007,0.031,-2,0.042,0.111
neighborhood,Seattle,Westlake,0,,,,,2,0,,,,,,,0
neighborhood,Seattle,West Queen Anne,53,888236,0.001,0.491,7,18,0.145,-0.086,0.073,0.001,0.163,0,-0.357,0.001
neighborhood,Seattle,West Seattle,991,427002,0,0.43,9,370,0.187,-0.084,0.076,0,0.052,0,-0.046,-0.049
neighborhood,Seattle,West Woodland,35,532314,0.026,0.6,7,11,0.078,-0.286,0.113,0.027,0.314,0,-0.267,-0.057
neighborhood,Seattle,Westwood / Roxhill,110,354773,0.002,0.491,8,47,0.206,0,0.436,0,0.155,5,0.237,-0.048
neighborhood,Seattle,White Center,233,246273,-0.002,0.309,27,118,0.255,-0.18,0.132,-0.002,-0.135,-3,0.103,0.113
neighborhood,Seattle,Whittier Heights,65,559785,0.033,0.785,6,20,0.107,-0.217,0.081,0.031,0.194,1,0,-0.04
neighborhood,Seattle,Windermere,47,893000,0.01,0.574,9,12,0.171,0.27,-0.149,-0.048,0.061,-1,-0.143,0.056
neighborhood,Seattle,Yesler Terrace,0,,,,,0,,,,,,,,
neighborhood,Shoreline,Lake Forest Park,307,363098,0,0.378,10,132,0.211,-0.249,0.009,-0.002,-0.126,2,-0.09,0
neighborhood,Shoreline,North City,118,314382,0,0.347,10,32,0.167,0.054,0.235,-0.007,-0.099,14,-0.179,-0.023
neighborhood,Shoreline,Richmond Beach,100,505521,-0.003,0.32,11,49,0.213,-0.237,0.13,0.001,-0.062,2,-0.058,0.048
neighborhood,Shoreline,Sherwood,39,431931,0.003,0.538,10,14,0.241,-0.264,0.131,-0.007,-0.065,0,0.077,0.1
neighborhood,Shoreline,Shoreline,341,372510,0.004,0.484,10,110,0.212,0.218,0.123,0.003,0.073,1,-0.052,0.024
neighborhood,Snoqualmie,Snoqualmie Ridge,207,505239,-0.001,0.319,14,103,0.182,-0.219,0.044,-0.001,-0.13,0,0.321,0.069
neighborhood,Tukwila,Foster,112,206052,0,0.42,21,63,0.235,-0.287,-0.027,0,0.05,9,-0.192,0.021
neighborhood,Tukwila,Riverton,38,192810,0.003,0.579,21,11,0.212,0.9,0.026,0.084,0.529,39,-0.214,-0.062
neighborhood,Woodinville,East Wellington,12,678417,0.023,0.75,8,4,0.222,-0.4,0.326,0.026,0.6,-1,-0.5,0.17
neighborhood,Woodinville,Leota,26,502672,0.005,0.615,11,13,0.212,-0.435,0,0.011,0.42,4,-0.071,-0.003
neighborhood,Woodinville,Lower West Ridge,15,510947,0.041,0.867,7,3,0.375,2.75,0.152,0.023,-0.133,-3,0.5,0.375
neighborhood,Woodinville,Pioneer Hills,21,375143,0.001,0.333,7,14,0.108,0.167,-0.014,0.028,0,34,1.8,0.046
neighborhood,Woodinville,Reinwood Leota,7,498507,-0.009,0,43,4,0.364,-0.533,-0.096,0.012,-0.067,-14,-0.5,-0.023
neighborhood,Woodinville,The Wedge,22,459555,0,0.364,7,16,0.075,0.692,-0.123,-0.06,-0.406,7,1.667,-0.063
neighborhood,Woodinville,Town Center,15,444930,-0.011,0,14,4,0.259,-0.167,0.087,0.005,-0.333,22,-0.2,-0.031
neighborhood,Woodinville,Upper West Ridge,35,444886,-0.001,0.457,21,9,0.173,-0.146,0.021,-0.005,0.116,-5,-0.357,-0.011
neighborhood,Woodinville,Wedge,26,467677,0.004,0.423,8,17,0.069,0.857,-0.093,-0.054,-0.363,5,1.833,-0.069
neighborhood,Woodinville,West Ridge,46,515891,0.005,0.543,12,10,0.242,0.243,0.157,-0.005,0.057,-3,-0.375,0.091
neighborhood,Woodinville,West Wellington,9,483330,0.005,0.444,34,5,0.211,-0.4,0.023,0.02,0.044,-4,1.5,
neighborhood,Woodinville,Woodinville Heights,7,441571,-0.014,0.429,6,4,0.333,-0.417,0.195,0.015,0.179,40,1,0
